,step,metric,value
0,0,hp_metric,-1.0
1,49,train_loss_step,1.5135674476623535
2,99,train_loss_step,1.4227827787399292
3,149,train_loss_step,1.3583201169967651
4,199,train_loss_step,1.2472796440124512
5,249,train_loss_step,1.2232420444488525
6,299,train_loss_step,1.3578492403030396
7,349,train_loss_step,1.0759742259979248
8,399,train_loss_step,1.1679036617279053
9,449,train_loss_step,1.0762696266174316
10,499,train_loss_step,1.1459449529647827
11,549,train_loss_step,1.0840550661087036
12,599,train_loss_step,1.3024665117263794
13,649,train_loss_step,1.1411197185516357
14,699,train_loss_step,1.0499067306518555
15,749,train_loss_step,1.0156952142715454
16,799,train_loss_step,1.1415297985076904
17,849,train_loss_step,1.1197713613510132
18,899,train_loss_step,1.075905203819275
19,949,train_loss_step,0.9641447067260742
20,999,train_loss_step,1.0119686126708984
21,1049,train_loss_step,0.950149655342102
22,1099,train_loss_step,0.9417545795440674
23,1149,train_loss_step,0.942301869392395
24,1199,train_loss_step,0.995530903339386
25,1249,train_loss_step,0.9561999440193176
26,1299,train_loss_step,0.9727554321289062
27,1349,train_loss_step,1.006801724433899
28,1399,train_loss_step,1.0041108131408691
29,1449,train_loss_step,0.9460366368293762
30,1499,train_loss_step,1.049662470817566
31,1549,train_loss_step,0.9020073413848877
32,1599,train_loss_step,1.0029528141021729
33,1649,train_loss_step,1.0884455442428589
34,1699,train_loss_step,0.8918646574020386
35,1749,train_loss_step,0.9423215985298157
36,1799,train_loss_step,1.0127642154693604
37,1849,train_loss_step,1.2328898906707764
38,1899,train_loss_step,0.8320941925048828
39,1949,train_loss_step,0.8752129077911377
40,1999,train_loss_step,0.9815436601638794
41,2049,train_loss_step,0.7804135084152222
42,2099,train_loss_step,0.8831135630607605
43,2149,train_loss_step,1.0285404920578003
44,2199,train_loss_step,1.0947760343551636
45,2249,train_loss_step,0.9908215403556824
46,2299,train_loss_step,0.8708201050758362
47,2349,train_loss_step,0.9201481342315674
48,2399,train_loss_step,0.8036504983901978
49,49,epoch,0.0
50,71,epoch,0.0
51,71,epoch,0.0
52,99,epoch,1.0
53,143,epoch,1.0
54,143,epoch,1.0
55,149,epoch,2.0
56,199,epoch,2.0
57,215,epoch,2.0
58,215,epoch,2.0
59,249,epoch,3.0
60,287,epoch,3.0
61,287,epoch,3.0
62,299,epoch,4.0
63,349,epoch,4.0
64,359,epoch,4.0
65,359,epoch,4.0
66,399,epoch,5.0
67,431,epoch,5.0
68,431,epoch,5.0
69,449,epoch,6.0
70,499,epoch,6.0
71,503,epoch,6.0
72,503,epoch,6.0
73,549,epoch,7.0
74,575,epoch,7.0
75,575,epoch,7.0
76,599,epoch,8.0
77,647,epoch,8.0
78,647,epoch,8.0
79,649,epoch,9.0
80,699,epoch,9.0
81,719,epoch,9.0
82,719,epoch,9.0
83,749,epoch,10.0
84,791,epoch,10.0
85,791,epoch,10.0
86,799,epoch,11.0
87,849,epoch,11.0
88,863,epoch,11.0
89,863,epoch,11.0
90,899,epoch,12.0
91,935,epoch,12.0
92,935,epoch,12.0
93,949,epoch,13.0
94,999,epoch,13.0
95,1007,epoch,13.0
96,1007,epoch,13.0
97,1049,epoch,14.0
98,1079,epoch,14.0
99,1079,epoch,14.0
100,1099,epoch,15.0
101,1149,epoch,15.0
102,1151,epoch,15.0
103,1151,epoch,15.0
104,1199,epoch,16.0
105,1223,epoch,16.0
106,1223,epoch,16.0
107,1249,epoch,17.0
108,1295,epoch,17.0
109,1295,epoch,17.0
110,1299,epoch,18.0
111,1349,epoch,18.0
112,1367,epoch,18.0
113,1367,epoch,18.0
114,1399,epoch,19.0
115,1439,epoch,19.0
116,1439,epoch,19.0
117,1449,epoch,20.0
118,1499,epoch,20.0
119,1511,epoch,20.0
120,1511,epoch,20.0
121,1549,epoch,21.0
122,1583,epoch,21.0
123,1583,epoch,21.0
124,1599,epoch,22.0
125,1649,epoch,22.0
126,1655,epoch,22.0
127,1655,epoch,22.0
128,1699,epoch,23.0
129,1727,epoch,23.0
130,1727,epoch,23.0
131,1749,epoch,24.0
132,1799,epoch,24.0
133,1799,epoch,24.0
134,1799,epoch,24.0
135,1849,epoch,25.0
136,1871,epoch,25.0
137,1871,epoch,25.0
138,1899,epoch,26.0
139,1943,epoch,26.0
140,1943,epoch,26.0
141,1949,epoch,27.0
142,1999,epoch,27.0
143,2015,epoch,27.0
144,2015,epoch,27.0
145,2049,epoch,28.0
146,2087,epoch,28.0
147,2087,epoch,28.0
148,2099,epoch,29.0
149,2149,epoch,29.0
150,2159,epoch,29.0
151,2159,epoch,29.0
152,2199,epoch,30.0
153,2231,epoch,30.0
154,2231,epoch,30.0
155,2249,epoch,31.0
156,2299,epoch,31.0
157,2303,epoch,31.0
158,2303,epoch,31.0
159,2349,epoch,32.0
160,2375,epoch,32.0
161,2375,epoch,32.0
162,2399,epoch,33.0
163,2447,epoch,33.0
164,2447,epoch,33.0
165,71,val_loss,1.4021292924880981
166,143,val_loss,1.2595196962356567
167,215,val_loss,1.4118386507034302
168,287,val_loss,1.2967575788497925
169,359,val_loss,1.5114684104919434
170,431,val_loss,1.2334470748901367
171,503,val_loss,1.3257020711898804
172,575,val_loss,1.1207479238510132
173,647,val_loss,1.2232733964920044
174,719,val_loss,1.3282593488693237
175,791,val_loss,1.2030752897262573
176,863,val_loss,1.0436393022537231
177,935,val_loss,1.1766740083694458
178,1007,val_loss,1.185144066810608
179,1079,val_loss,1.0919958353042603
180,1151,val_loss,1.2092446088790894
181,1223,val_loss,1.1125754117965698
182,1295,val_loss,
183,1367,val_loss,1.0360524654388428
184,1439,val_loss,1.008020281791687
185,1511,val_loss,1.1234372854232788
186,1583,val_loss,1.3334293365478516
187,1655,val_loss,1.0857259035110474
188,1727,val_loss,0.915249764919281
189,1799,val_loss,1.0008376836776733
190,1871,val_loss,1.029811978340149
191,1943,val_loss,1.0594955682754517
192,2015,val_loss,0.9655163288116455
193,2087,val_loss,0.9933933615684509
194,2159,val_loss,1.253352403640747
195,2231,val_loss,1.0352033376693726
196,2303,val_loss,1.0182002782821655
197,2375,val_loss,1.1115211248397827
198,2447,val_loss,0.8705840110778809
199,71,val/iou_class_0,0.0
200,143,val/iou_class_0,0.0
201,215,val/iou_class_0,0.0
202,287,val/iou_class_0,0.0
203,359,val/iou_class_0,0.0
204,431,val/iou_class_0,0.05257246270775795
205,503,val/iou_class_0,0.17921559512615204
206,575,val/iou_class_0,0.09802185744047165
207,647,val/iou_class_0,0.10514875501394272
208,719,val/iou_class_0,0.09959996491670609
209,791,val/iou_class_0,0.09124050289392471
210,863,val/iou_class_0,0.11767124384641647
211,935,val/iou_class_0,0.11017746478319168
212,1007,val/iou_class_0,0.1308497190475464
213,1079,val/iou_class_0,0.08993032574653625
214,1151,val/iou_class_0,0.09081526845693588
215,1223,val/iou_class_0,0.1363912969827652
216,1295,val/iou_class_0,0.13995999097824097
217,1367,val/iou_class_0,0.15196587145328522
218,1439,val/iou_class_0,0.08004121482372284
219,1511,val/iou_class_0,0.24374568462371826
220,1583,val/iou_class_0,0.1269172877073288
221,1655,val/iou_class_0,0.121893011033535
222,1727,val/iou_class_0,0.10983512550592422
223,1799,val/iou_class_0,0.18347565829753876
224,1871,val/iou_class_0,0.18866698443889618
225,1943,val/iou_class_0,0.02577873319387436
226,2015,val/iou_class_0,0.22511924803256989
227,2087,val/iou_class_0,0.11564832925796509
228,2159,val/iou_class_0,0.13593129813671112
229,2231,val/iou_class_0,0.07215983420610428
230,2303,val/iou_class_0,0.09776770323514938
231,2375,val/iou_class_0,0.0950559601187706
232,2447,val/iou_class_0,0.11150097101926804
233,71,val/iou_class_1,0.0
234,143,val/iou_class_1,0.0
235,215,val/iou_class_1,0.0
236,287,val/iou_class_1,0.0
237,359,val/iou_class_1,0.0
238,431,val/iou_class_1,0.0
239,503,val/iou_class_1,5.223416223998356e-07
240,575,val/iou_class_1,0.0
241,647,val/iou_class_1,0.0
242,719,val/iou_class_1,0.0
243,791,val/iou_class_1,1.2348388736427296e-05
244,863,val/iou_class_1,0.0
245,935,val/iou_class_1,1.7437035921830102e-06
246,1007,val/iou_class_1,1.147072634921642e-05
247,1079,val/iou_class_1,0.0
248,1151,val/iou_class_1,0.004097233060747385
249,1223,val/iou_class_1,0.0
250,1295,val/iou_class_1,6.189467967487872e-05
251,1367,val/iou_class_1,1.0802868928294629e-05
252,1439,val/iou_class_1,0.00012155427248217165
253,1511,val/iou_class_1,0.0
254,1583,val/iou_class_1,0.00028556500910781324
255,1655,val/iou_class_1,0.0037863433826714754
256,1727,val/iou_class_1,0.00041393283754587173
257,1799,val/iou_class_1,6.1993116105441e-05
258,1871,val/iou_class_1,0.00019360317673999816
259,1943,val/iou_class_1,0.0033295101020485163
260,2015,val/iou_class_1,0.025624433532357216
261,2087,val/iou_class_1,0.04424852132797241
262,2159,val/iou_class_1,0.0024335330817848444
263,2231,val/iou_class_1,0.017093373462557793
264,2303,val/iou_class_1,0.011255172081291676
265,2375,val/iou_class_1,0.004442989360541105
266,2447,val/iou_class_1,0.009096769616007805
267,71,val/iou_class_2,0.2065562754869461
268,143,val/iou_class_2,0.2566092312335968
269,215,val/iou_class_2,0.26491349935531616
270,287,val/iou_class_2,0.2103104144334793
271,359,val/iou_class_2,0.16431497037410736
272,431,val/iou_class_2,0.28396108746528625
273,503,val/iou_class_2,0.21940010786056519
274,575,val/iou_class_2,0.29570528864860535
275,647,val/iou_class_2,0.28329798579216003
276,719,val/iou_class_2,0.25096479058265686
277,791,val/iou_class_2,0.2900881767272949
278,863,val/iou_class_2,0.29332593083381653
279,935,val/iou_class_2,0.25920605659484863
280,1007,val/iou_class_2,0.25854411721229553
281,1079,val/iou_class_2,0.32097283005714417
282,1151,val/iou_class_2,0.3129655420780182
283,1223,val/iou_class_2,0.33889779448509216
284,1295,val/iou_class_2,0.2260768860578537
285,1367,val/iou_class_2,0.32380059361457825
286,1439,val/iou_class_2,0.3229256570339203
287,1511,val/iou_class_2,0.2886262834072113
288,1583,val/iou_class_2,0.21250943839550018
289,1655,val/iou_class_2,0.26451271772384644
290,1727,val/iou_class_2,0.4020414650440216
291,1799,val/iou_class_2,0.3379491865634918
292,1871,val/iou_class_2,0.34991344809532166
293,1943,val/iou_class_2,0.29972290992736816
294,2015,val/iou_class_2,0.3558567464351654
295,2087,val/iou_class_2,0.3513013422489166
296,2159,val/iou_class_2,0.27896764874458313
297,2231,val/iou_class_2,0.3829946517944336
298,2303,val/iou_class_2,0.33943864703178406
299,2375,val/iou_class_2,0.25134173035621643
300,2447,val/iou_class_2,0.39403173327445984
301,71,val/iou_class_3,0.256413072347641
302,143,val/iou_class_3,0.31086966395378113
303,215,val/iou_class_3,0.19076122343540192
304,287,val/iou_class_3,0.2969639003276825
305,359,val/iou_class_3,0.24689148366451263
306,431,val/iou_class_3,0.28249862790107727
307,503,val/iou_class_3,0.20911745727062225
308,575,val/iou_class_3,0.33867940306663513
309,647,val/iou_class_3,0.28388383984565735
310,719,val/iou_class_3,0.26498910784721375
311,791,val/iou_class_3,0.30181339383125305
312,863,val/iou_class_3,0.3199528455734253
313,935,val/iou_class_3,0.2970462441444397
314,1007,val/iou_class_3,0.29088470339775085
315,1079,val/iou_class_3,0.32421109080314636
316,1151,val/iou_class_3,0.337158203125
317,1223,val/iou_class_3,0.3627018928527832
318,1295,val/iou_class_3,0.32523515820503235
319,1367,val/iou_class_3,0.30339357256889343
320,1439,val/iou_class_3,0.32653266191482544
321,1511,val/iou_class_3,0.30334562063217163
322,1583,val/iou_class_3,0.33709895610809326
323,1655,val/iou_class_3,0.3215111792087555
324,1727,val/iou_class_3,0.3589707612991333
325,1799,val/iou_class_3,0.36403512954711914
326,1871,val/iou_class_3,0.35098564624786377
327,1943,val/iou_class_3,0.28957805037498474
328,2015,val/iou_class_3,0.31134238839149475
329,2087,val/iou_class_3,0.3921593725681305
330,2159,val/iou_class_3,0.2719433903694153
331,2231,val/iou_class_3,0.2916025221347809
332,2303,val/iou_class_3,0.3456801474094391
333,2375,val/iou_class_3,0.3705562353134155
334,2447,val/iou_class_3,0.42571279406547546
335,71,val/iou_class_4,9.195643542625476e-06
336,143,val/iou_class_4,0.0491480827331543
337,215,val/iou_class_4,0.09954533725976944
338,287,val/iou_class_4,0.059430137276649475
339,359,val/iou_class_4,0.23347079753875732
340,431,val/iou_class_4,0.24602510035037994
341,503,val/iou_class_4,0.19707311689853668
342,575,val/iou_class_4,0.23021721839904785
343,647,val/iou_class_4,0.16634608805179596
344,719,val/iou_class_4,0.15060298144817352
345,791,val/iou_class_4,0.2895011007785797
346,863,val/iou_class_4,0.2524022161960602
347,935,val/iou_class_4,0.31865817308425903
348,1007,val/iou_class_4,0.2304118424654007
349,1079,val/iou_class_4,0.3521824777126312
350,1151,val/iou_class_4,0.17102579772472382
351,1223,val/iou_class_4,0.3473454713821411
352,1295,val/iou_class_4,0.1385243833065033
353,1367,val/iou_class_4,0.3326626121997833
354,1439,val/iou_class_4,0.37712299823760986
355,1511,val/iou_class_4,0.31280097365379333
356,1583,val/iou_class_4,0.34575632214546204
357,1655,val/iou_class_4,0.33926546573638916
358,1727,val/iou_class_4,0.43837404251098633
359,1799,val/iou_class_4,0.3509303629398346
360,1871,val/iou_class_4,0.37570154666900635
361,1943,val/iou_class_4,0.3560085594654083
362,2015,val/iou_class_4,0.38321176171302795
363,2087,val/iou_class_4,0.27252355217933655
364,2159,val/iou_class_4,0.35626420378685
365,2231,val/iou_class_4,0.3465158939361572
366,2303,val/iou_class_4,0.4016347825527191
367,2375,val/iou_class_4,0.3888359069824219
368,2447,val/iou_class_4,0.32932260632514954
369,71,val/iou_class_5,0.43626725673675537
370,143,val/iou_class_5,0.4470210075378418
371,215,val/iou_class_5,0.3982580602169037
372,287,val/iou_class_5,0.39739811420440674
373,359,val/iou_class_5,0.34377241134643555
374,431,val/iou_class_5,0.3177424371242523
375,503,val/iou_class_5,0.39049553871154785
376,575,val/iou_class_5,0.529678225517273
377,647,val/iou_class_5,0.5061323642730713
378,719,val/iou_class_5,0.48078039288520813
379,791,val/iou_class_5,0.47927460074424744
380,863,val/iou_class_5,0.5179814696311951
381,935,val/iou_class_5,0.46448859572410583
382,1007,val/iou_class_5,0.5143722891807556
383,1079,val/iou_class_5,0.5358849763870239
384,1151,val/iou_class_5,0.4826575219631195
385,1223,val/iou_class_5,0.36872223019599915
386,1295,val/iou_class_5,0.526912271976471
387,1367,val/iou_class_5,0.5452281832695007
388,1439,val/iou_class_5,0.5777615904808044
389,1511,val/iou_class_5,0.5151664614677429
390,1583,val/iou_class_5,0.4280862808227539
391,1655,val/iou_class_5,0.4929504096508026
392,1727,val/iou_class_5,0.5636237263679504
393,1799,val/iou_class_5,0.47035738825798035
394,1871,val/iou_class_5,0.4463725984096527
395,1943,val/iou_class_5,0.5717268586158752
396,2015,val/iou_class_5,0.540802538394928
397,2087,val/iou_class_5,0.5348166823387146
398,2159,val/iou_class_5,0.5093434453010559
399,2231,val/iou_class_5,0.5200808048248291
400,2303,val/iou_class_5,0.5641240477561951
401,2375,val/iou_class_5,0.5498707890510559
402,2447,val/iou_class_5,0.5880154967308044
403,71,val/iou_class_6,0.0
404,143,val/iou_class_6,0.064169742166996
405,215,val/iou_class_6,0.00025830219965428114
406,287,val/iou_class_6,0.0712413415312767
407,359,val/iou_class_6,0.07688887417316437
408,431,val/iou_class_6,0.0664227083325386
409,503,val/iou_class_6,0.036176830530166626
410,575,val/iou_class_6,0.05294656381011009
411,647,val/iou_class_6,0.014114532619714737
412,719,val/iou_class_6,0.128529891371727
413,791,val/iou_class_6,0.15297339856624603
414,863,val/iou_class_6,0.11670488119125366
415,935,val/iou_class_6,0.08191836625337601
416,1007,val/iou_class_6,0.03797997161746025
417,1079,val/iou_class_6,0.08017077296972275
418,1151,val/iou_class_6,0.0609322153031826
419,1223,val/iou_class_6,0.1271103173494339
420,1295,val/iou_class_6,0.022596657276153564
421,1367,val/iou_class_6,0.1170247420668602
422,1439,val/iou_class_6,0.18887151777744293
423,1511,val/iou_class_6,0.17732356488704681
424,1583,val/iou_class_6,0.0772843062877655
425,1655,val/iou_class_6,0.07278916984796524
426,1727,val/iou_class_6,0.2227887064218521
427,1799,val/iou_class_6,0.1416076272726059
428,1871,val/iou_class_6,0.1929241567850113
429,1943,val/iou_class_6,0.22454525530338287
430,2015,val/iou_class_6,0.19169849157333374
431,2087,val/iou_class_6,0.10283213108778
432,2159,val/iou_class_6,0.1593092530965805
433,2231,val/iou_class_6,0.17775005102157593
434,2303,val/iou_class_6,0.17766784131526947
435,2375,val/iou_class_6,0.22351865470409393
436,2447,val/iou_class_6,0.16881364583969116
437,71,val/iou_class_7,0.029662000015378
438,143,val/iou_class_7,0.24618832767009735
439,215,val/iou_class_7,0.19289971888065338
440,287,val/iou_class_7,0.28471067547798157
441,359,val/iou_class_7,0.30163392424583435
442,431,val/iou_class_7,0.3653841018676758
443,503,val/iou_class_7,0.3062323033809662
444,575,val/iou_class_7,0.3588774502277374
445,647,val/iou_class_7,0.385690838098526
446,719,val/iou_class_7,0.2599133551120758
447,791,val/iou_class_7,0.3658337891101837
448,863,val/iou_class_7,0.40759003162384033
449,935,val/iou_class_7,0.29358887672424316
450,1007,val/iou_class_7,0.37042975425720215
451,1079,val/iou_class_7,0.23220579326152802
452,1151,val/iou_class_7,0.3358254134654999
453,1223,val/iou_class_7,0.29029038548469543
454,1295,val/iou_class_7,0.36496660113334656
455,1367,val/iou_class_7,0.33089950680732727
456,1439,val/iou_class_7,0.3715333044528961
457,1511,val/iou_class_7,0.3943077623844147
458,1583,val/iou_class_7,0.3031494915485382
459,1655,val/iou_class_7,0.435445636510849
460,1727,val/iou_class_7,0.4227716028690338
461,1799,val/iou_class_7,0.4591672420501709
462,1871,val/iou_class_7,0.38022419810295105
463,1943,val/iou_class_7,0.369989275932312
464,2015,val/iou_class_7,0.44962695240974426
465,2087,val/iou_class_7,0.3903973400592804
466,2159,val/iou_class_7,0.3201334774494171
467,2231,val/iou_class_7,0.38533470034599304
468,2303,val/iou_class_7,0.34643447399139404
469,2375,val/iou_class_7,0.39750829339027405
470,2447,val/iou_class_7,0.4166243374347687
471,71,val/iou_class_8,0.43901148438453674
472,143,val/iou_class_8,0.4373425245285034
473,215,val/iou_class_8,0.44021499156951904
474,287,val/iou_class_8,0.4259796142578125
475,359,val/iou_class_8,0.5386767983436584
476,431,val/iou_class_8,0.5348179340362549
477,503,val/iou_class_8,0.5224364995956421
478,575,val/iou_class_8,0.5492668747901917
479,647,val/iou_class_8,0.480619341135025
480,719,val/iou_class_8,0.5209861993789673
481,791,val/iou_class_8,0.4171934127807617
482,863,val/iou_class_8,0.5928290486335754
483,935,val/iou_class_8,0.5608039498329163
484,1007,val/iou_class_8,0.4767794609069824
485,1079,val/iou_class_8,0.5853885412216187
486,1151,val/iou_class_8,0.5317486524581909
487,1223,val/iou_class_8,0.5451973676681519
488,1295,val/iou_class_8,0.5396847724914551
489,1367,val/iou_class_8,0.5897360444068909
490,1439,val/iou_class_8,0.5857254862785339
491,1511,val/iou_class_8,0.5723715424537659
492,1583,val/iou_class_8,0.6222888827323914
493,1655,val/iou_class_8,0.590839684009552
494,1727,val/iou_class_8,0.6294930577278137
495,1799,val/iou_class_8,0.5880475640296936
496,1871,val/iou_class_8,0.621229350566864
497,1943,val/iou_class_8,0.5986704230308533
498,2015,val/iou_class_8,0.6260223388671875
499,2087,val/iou_class_8,0.6118544936180115
500,2159,val/iou_class_8,0.5845068097114563
501,2231,val/iou_class_8,0.5551369786262512
502,2303,val/iou_class_8,0.6380124688148499
503,2375,val/iou_class_8,0.5723080635070801
504,2447,val/iou_class_8,0.6220648884773254
505,71,val_mIoU,0.15199102461338043
506,143,val_mIoU,0.20126096904277802
507,215,val_mIoU,0.17631679773330688
508,287,val_mIoU,0.19400382041931152
509,359,val_mIoU,0.21173880994319916
510,431,val_mIoU,0.23882494866847992
511,503,val_mIoU,0.2289053350687027
512,575,val_mIoU,0.27259916067123413
513,647,val_mIoU,0.24724821746349335
514,719,val_mIoU,0.23959629237651825
515,791,val_mIoU,0.2653256356716156
516,863,val_mIoU,0.29093971848487854
517,935,val_mIoU,0.26509881019592285
518,1007,val_mIoU,0.256695955991745
519,1079,val_mIoU,0.2801051735877991
520,1151,val_mIoU,0.25858065485954285
521,1223,val_mIoU,0.2796285152435303
522,1295,val_mIoU,0.2537798583507538
523,1367,val_mIoU,0.2994135320186615
524,1439,val_mIoU,0.3145151138305664
525,1511,val_mIoU,0.31196537613868713
526,1583,val_mIoU,0.27259740233421326
527,1655,val_mIoU,0.2936660051345825
528,1727,val_mIoU,0.34981250762939453
529,1799,val_mIoU,0.3217369019985199
530,1871,val_mIoU,0.32291242480278015
531,1943,val_mIoU,0.3043721616268158
532,2015,val_mIoU,0.3454782962799072
533,2087,val_mIoU,0.31286463141441345
534,2159,val_mIoU,0.2909814417362213
535,2231,val_mIoU,0.3054076135158539
536,2303,val_mIoU,0.32466837763786316
537,2375,val_mIoU,0.31704872846603394
538,2447,val_mIoU,0.3405759334564209
539,71,val_pixel_accuracy,0.44768163561820984
540,143,val_pixel_accuracy,0.49590981006622314
541,215,val_pixel_accuracy,0.462752103805542
542,287,val_pixel_accuracy,0.47197771072387695
543,359,val_pixel_accuracy,0.47190746665000916
544,431,val_pixel_accuracy,0.5187849402427673
545,503,val_pixel_accuracy,0.48282739520072937
546,575,val_pixel_accuracy,0.573613166809082
547,647,val_pixel_accuracy,0.534378707408905
548,719,val_pixel_accuracy,0.5065319538116455
549,791,val_pixel_accuracy,0.5293209552764893
550,863,val_pixel_accuracy,0.6057434678077698
551,935,val_pixel_accuracy,0.5406663417816162
552,1007,val_pixel_accuracy,0.5382865071296692
553,1079,val_pixel_accuracy,0.5886906385421753
554,1151,val_pixel_accuracy,0.5492687225341797
555,1223,val_pixel_accuracy,0.560710072517395
556,1295,val_pixel_accuracy,0.5625973343849182
557,1367,val_pixel_accuracy,0.6011536717414856
558,1439,val_pixel_accuracy,0.6095302700996399
559,1511,val_pixel_accuracy,0.5835608839988708
560,1583,val_pixel_accuracy,0.5386704802513123
561,1655,val_pixel_accuracy,0.5821658968925476
562,1727,val_pixel_accuracy,0.6450133919715881
563,1799,val_pixel_accuracy,0.60512375831604
564,1871,val_pixel_accuracy,0.6058019995689392
565,1943,val_pixel_accuracy,0.6127204895019531
566,2015,val_pixel_accuracy,0.62740159034729
567,2087,val_pixel_accuracy,0.6201843619346619
568,2159,val_pixel_accuracy,0.5568051934242249
569,2231,val_pixel_accuracy,0.5985116362571716
570,2303,val_pixel_accuracy,0.6104516386985779
571,2375,val_pixel_accuracy,0.5881674289703369
572,2447,val_pixel_accuracy,0.6609362959861755
573,71,val_macro_precision,0.24244265258312225
574,143,val_macro_precision,0.34457269310951233
575,215,val_macro_precision,0.3034270703792572
576,287,val_macro_precision,0.35565969347953796
577,359,val_macro_precision,0.35471177101135254
578,431,val_macro_precision,0.3795774281024933
579,503,val_macro_precision,0.38371947407722473
580,575,val_macro_precision,0.40605428814888
581,647,val_macro_precision,0.40493297576904297
582,719,val_macro_precision,0.39702078700065613
583,791,val_macro_precision,0.4146616756916046
584,863,val_macro_precision,0.43221333622932434
585,935,val_macro_precision,0.39206433296203613
586,1007,val_macro_precision,0.4186689853668213
587,1079,val_macro_precision,0.4217822551727295
588,1151,val_macro_precision,0.4426101744174957
589,1223,val_macro_precision,0.4351440668106079
590,1295,val_macro_precision,0.4213372468948364
591,1367,val_macro_precision,0.42119017243385315
592,1439,val_macro_precision,0.4390476942062378
593,1511,val_macro_precision,0.43500617146492004
594,1583,val_macro_precision,0.4292331039905548
595,1655,val_macro_precision,0.4504334032535553
596,1727,val_macro_precision,0.4927995502948761
597,1799,val_macro_precision,0.46332085132598877
598,1871,val_macro_precision,0.4545912444591522
599,1943,val_macro_precision,0.45171916484832764
600,2015,val_macro_precision,0.47771012783050537
601,2087,val_macro_precision,0.4599364995956421
602,2159,val_macro_precision,0.4349175691604614
603,2231,val_macro_precision,0.45954322814941406
604,2303,val_macro_precision,0.4697636365890503
605,2375,val_macro_precision,0.4553597867488861
606,2447,val_macro_precision,0.4876619577407837
607,71,val_macro_recall,0.2560177147388458
608,143,val_macro_recall,0.3099510073661804
609,215,val_macro_recall,0.2821798026561737
610,287,val_macro_recall,0.3100159764289856
611,359,val_macro_recall,0.34540438652038574
612,431,val_macro_recall,0.3448249399662018
613,503,val_macro_recall,0.3571436405181885
614,575,val_macro_recall,0.380727082490921
615,647,val_macro_recall,0.35388800501823425
616,719,val_macro_recall,0.35618844628334045
617,791,val_macro_recall,0.39564523100852966
618,863,val_macro_recall,0.40418922901153564
619,935,val_macro_recall,0.38345301151275635
620,1007,val_macro_recall,0.36166906356811523
621,1079,val_macro_recall,0.3904675543308258
622,1151,val_macro_recall,0.3692377805709839
623,1223,val_macro_recall,0.392179012298584
624,1295,val_macro_recall,0.3746941387653351
625,1367,val_macro_recall,0.41831234097480774
626,1439,val_macro_recall,0.43737733364105225
627,1511,val_macro_recall,0.4346548318862915
628,1583,val_macro_recall,0.39698994159698486
629,1655,val_macro_recall,0.40480685234069824
630,1727,val_macro_recall,0.4651334583759308
631,1799,val_macro_recall,0.43563851714134216
632,1871,val_macro_recall,0.43983814120292664
633,1943,val_macro_recall,0.41909369826316833
634,2015,val_macro_recall,0.4784790277481079
635,2087,val_macro_recall,0.4170137941837311
636,2159,val_macro_recall,0.4178485572338104
637,2231,val_macro_recall,0.42389607429504395
638,2303,val_macro_recall,0.4407612383365631
639,2375,val_macro_recall,0.44478699564933777
640,2447,val_macro_recall,0.44361305236816406
641,71,val_macro_f1,0.2216968983411789
642,143,val_macro_f1,0.2919672727584839
643,215,val_macro_f1,0.26111772656440735
644,287,val_macro_f1,0.2866896092891693
645,359,val_macro_f1,0.30979540944099426
646,431,val_macro_f1,0.34111785888671875
647,503,val_macro_f1,0.3309996426105499
648,575,val_macro_f1,0.37507596611976624
649,647,val_macro_f1,0.34549233317375183
650,719,val_macro_f1,0.33917340636253357
651,791,val_macro_f1,0.37526893615722656
652,863,val_macro_f1,0.39447012543678284
653,935,val_macro_f1,0.3697111904621124
654,1007,val_macro_f1,0.35859033465385437
655,1079,val_macro_f1,0.3830774128437042
656,1151,val_macro_f1,0.35880187153816223
657,1223,val_macro_f1,0.388217955827713
658,1295,val_macro_f1,0.3475973606109619
659,1367,val_macro_f1,0.4041966497898102
660,1439,val_macro_f1,0.4240973889827728
661,1511,val_macro_f1,0.4212857186794281
662,1583,val_macro_f1,0.37581920623779297
663,1655,val_macro_f1,0.39555421471595764
664,1727,val_macro_f1,0.45743632316589355
665,1799,val_macro_f1,0.43044912815093994
666,1871,val_macro_f1,0.4314432442188263
667,1943,val_macro_f1,0.4093189239501953
668,2015,val_macro_f1,0.45681098103523254
669,2087,val_macro_f1,0.4175005853176117
670,2159,val_macro_f1,0.3966035842895508
671,2231,val_macro_f1,0.41550883650779724
672,2303,val_macro_f1,0.43392178416252136
673,2375,val_macro_f1,0.4248025417327881
674,2447,val_macro_f1,0.4465809166431427
675,71,train_loss_epoch,1.5271275043487549
676,143,train_loss_epoch,1.332958459854126
677,215,train_loss_epoch,1.2580634355545044
678,287,train_loss_epoch,1.2396063804626465
679,359,train_loss_epoch,1.2141845226287842
680,431,train_loss_epoch,1.1808664798736572
681,503,train_loss_epoch,1.1690617799758911
682,575,train_loss_epoch,1.163380742073059
683,647,train_loss_epoch,1.138428807258606
684,719,train_loss_epoch,1.1047344207763672
685,791,train_loss_epoch,1.0924599170684814
686,863,train_loss_epoch,1.0843209028244019
687,935,train_loss_epoch,1.05963134765625
688,1007,train_loss_epoch,1.046120524406433
689,1079,train_loss_epoch,1.0485771894454956
690,1151,train_loss_epoch,1.020510196685791
691,1223,train_loss_epoch,1.0381945371627808
692,1295,train_loss_epoch,1.04325270652771
693,1367,train_loss_epoch,1.0414645671844482
694,1439,train_loss_epoch,1.000236988067627
695,1511,train_loss_epoch,0.979512095451355
696,1583,train_loss_epoch,0.9793605208396912
697,1655,train_loss_epoch,0.9607758522033691
698,1727,train_loss_epoch,0.9687445759773254
699,1799,train_loss_epoch,0.9437187314033508
700,1871,train_loss_epoch,0.9675499796867371
701,1943,train_loss_epoch,0.9431011080741882
702,2015,train_loss_epoch,0.9174875617027283
703,2087,train_loss_epoch,0.9254540801048279
704,2159,train_loss_epoch,0.9390046000480652
705,2231,train_loss_epoch,0.9239622354507446
706,2303,train_loss_epoch,0.9192847609519958
707,2375,train_loss_epoch,0.9119556546211243
708,2447,train_loss_epoch,0.8898457288742065
709,71,train/iou_class_0,0.0
710,143,train/iou_class_0,0.0
711,215,train/iou_class_0,0.0
712,287,train/iou_class_0,0.0
713,359,train/iou_class_0,0.0
714,431,train/iou_class_0,0.005581719800829887
715,503,train/iou_class_0,0.0340639166533947
716,575,train/iou_class_0,0.08936335891485214
717,647,train/iou_class_0,0.12411019206047058
718,719,train/iou_class_0,0.21229080855846405
719,791,train/iou_class_0,0.1809469610452652
720,863,train/iou_class_0,0.1458957940340042
721,935,train/iou_class_0,0.1667235642671585
722,1007,train/iou_class_0,0.09463827311992645
723,1079,train/iou_class_0,0.1965007781982422
724,1151,train/iou_class_0,0.1941521018743515
725,1223,train/iou_class_0,0.18144235014915466
726,1295,train/iou_class_0,0.18865591287612915
727,1367,train/iou_class_0,0.10337399691343307
728,1439,train/iou_class_0,0.15710079669952393
729,1511,train/iou_class_0,0.25669944286346436
730,1583,train/iou_class_0,0.16997866332530975
731,1655,train/iou_class_0,0.16787083446979523
732,1727,train/iou_class_0,0.13454098999500275
733,1799,train/iou_class_0,0.25108376145362854
734,1871,train/iou_class_0,0.20444221794605255
735,1943,train/iou_class_0,0.19580668210983276
736,2015,train/iou_class_0,0.21200311183929443
737,2087,train/iou_class_0,0.19513055682182312
738,2159,train/iou_class_0,0.23557622730731964
739,2231,train/iou_class_0,0.22761377692222595
740,2303,train/iou_class_0,0.19551357626914978
741,2375,train/iou_class_0,0.1815912127494812
742,2447,train/iou_class_0,0.3174256384372711
743,71,train/iou_class_1,0.0010170872556045651
744,143,train/iou_class_1,0.0
745,215,train/iou_class_1,0.0
746,287,train/iou_class_1,0.0
747,359,train/iou_class_1,0.0
748,431,train/iou_class_1,2.846308780135587e-05
749,503,train/iou_class_1,0.0
750,575,train/iou_class_1,2.5486748199909925e-05
751,647,train/iou_class_1,0.0
752,719,train/iou_class_1,2.1751426174887456e-05
753,791,train/iou_class_1,7.3440378400846384e-06
754,863,train/iou_class_1,6.189879059093073e-05
755,935,train/iou_class_1,6.535426655318588e-05
756,1007,train/iou_class_1,0.0012992442352697253
757,1079,train/iou_class_1,0.007083553355187178
758,1151,train/iou_class_1,0.00027172904810868204
759,1223,train/iou_class_1,0.0007475820602849126
760,1295,train/iou_class_1,0.002028600312769413
761,1367,train/iou_class_1,0.0019419413292780519
762,1439,train/iou_class_1,0.0022743234876543283
763,1511,train/iou_class_1,0.003644341602921486
764,1583,train/iou_class_1,0.00036986498162150383
765,1655,train/iou_class_1,0.0007718096603639424
766,1727,train/iou_class_1,0.003853399073705077
767,1799,train/iou_class_1,0.005036736838519573
768,1871,train/iou_class_1,0.02075682021677494
769,1943,train/iou_class_1,0.006619662512093782
770,2015,train/iou_class_1,0.010579262860119343
771,2087,train/iou_class_1,0.011948270723223686
772,2159,train/iou_class_1,0.052567772567272186
773,2231,train/iou_class_1,0.04333309829235077
774,2303,train/iou_class_1,0.043130628764629364
775,2375,train/iou_class_1,0.07945752888917923
776,2447,train/iou_class_1,0.05762642249464989
777,71,train/iou_class_2,0.17627736926078796
778,143,train/iou_class_2,0.2612605690956116
779,215,train/iou_class_2,0.2745431959629059
780,287,train/iou_class_2,0.28596988320350647
781,359,train/iou_class_2,0.30615201592445374
782,431,train/iou_class_2,0.2952325642108917
783,503,train/iou_class_2,0.3028205931186676
784,575,train/iou_class_2,0.3033578395843506
785,647,train/iou_class_2,0.3034270703792572
786,719,train/iou_class_2,0.3092302978038788
787,791,train/iou_class_2,0.3257237374782562
788,863,train/iou_class_2,0.33371853828430176
789,935,train/iou_class_2,0.3283689320087433
790,1007,train/iou_class_2,0.34235069155693054
791,1079,train/iou_class_2,0.3358996510505676
792,1151,train/iou_class_2,0.36446040868759155
793,1223,train/iou_class_2,0.3453027606010437
794,1295,train/iou_class_2,0.3497157096862793
795,1367,train/iou_class_2,0.3454788625240326
796,1439,train/iou_class_2,0.3601781129837036
797,1511,train/iou_class_2,0.3680455982685089
798,1583,train/iou_class_2,0.3758072853088379
799,1655,train/iou_class_2,0.37253645062446594
800,1727,train/iou_class_2,0.3780548572540283
801,1799,train/iou_class_2,0.38342195749282837
802,1871,train/iou_class_2,0.39239779114723206
803,1943,train/iou_class_2,0.38639727234840393
804,2015,train/iou_class_2,0.3973778486251831
805,2087,train/iou_class_2,0.39746546745300293
806,2159,train/iou_class_2,0.3870166540145874
807,2231,train/iou_class_2,0.39800378680229187
808,2303,train/iou_class_2,0.40127629041671753
809,2375,train/iou_class_2,0.4092107117176056
810,2447,train/iou_class_2,0.403605580329895
811,71,train/iou_class_3,0.2328728437423706
812,143,train/iou_class_3,0.2752223312854767
813,215,train/iou_class_3,0.28223544359207153
814,287,train/iou_class_3,0.28574755787849426
815,359,train/iou_class_3,0.28716644644737244
816,431,train/iou_class_3,0.2985691726207733
817,503,train/iou_class_3,0.3013632297515869
818,575,train/iou_class_3,0.3109920024871826
819,647,train/iou_class_3,0.3027836084365845
820,719,train/iou_class_3,0.32234910130500793
821,791,train/iou_class_3,0.3331361413002014
822,863,train/iou_class_3,0.33240219950675964
823,935,train/iou_class_3,0.33169084787368774
824,1007,train/iou_class_3,0.3362678289413452
825,1079,train/iou_class_3,0.33630451560020447
826,1151,train/iou_class_3,0.350735604763031
827,1223,train/iou_class_3,0.35819122195243835
828,1295,train/iou_class_3,0.34986233711242676
829,1367,train/iou_class_3,0.3436450660228729
830,1439,train/iou_class_3,0.3548790216445923
831,1511,train/iou_class_3,0.3646964728832245
832,1583,train/iou_class_3,0.36218687891960144
833,1655,train/iou_class_3,0.3727527856826782
834,1727,train/iou_class_3,0.364891916513443
835,1799,train/iou_class_3,0.3657938838005066
836,1871,train/iou_class_3,0.3735769987106323
837,1943,train/iou_class_3,0.3680468201637268
838,2015,train/iou_class_3,0.38492390513420105
839,2087,train/iou_class_3,0.3830067813396454
840,2159,train/iou_class_3,0.3853629231452942
841,2231,train/iou_class_3,0.3813001811504364
842,2303,train/iou_class_3,0.3897218406200409
843,2375,train/iou_class_3,0.3867768943309784
844,2447,train/iou_class_3,0.3880753219127655
845,71,train/iou_class_4,0.0014841848751530051
846,143,train/iou_class_4,0.05298829451203346
847,215,train/iou_class_4,0.11235486716032028
848,287,train/iou_class_4,0.17111851274967194
849,359,train/iou_class_4,0.20429854094982147
850,431,train/iou_class_4,0.22859156131744385
851,503,train/iou_class_4,0.23375876247882843
852,575,train/iou_class_4,0.2527841329574585
853,647,train/iou_class_4,0.276561975479126
854,719,train/iou_class_4,0.285208135843277
855,791,train/iou_class_4,0.2960861325263977
856,863,train/iou_class_4,0.31000056862831116
857,935,train/iou_class_4,0.32647550106048584
858,1007,train/iou_class_4,0.34274134039878845
859,1079,train/iou_class_4,0.3327391445636749
860,1151,train/iou_class_4,0.33259308338165283
861,1223,train/iou_class_4,0.34116020798683167
862,1295,train/iou_class_4,0.34698015451431274
863,1367,train/iou_class_4,0.3456982374191284
864,1439,train/iou_class_4,0.373073548078537
865,1511,train/iou_class_4,0.3641987442970276
866,1583,train/iou_class_4,0.36988306045532227
867,1655,train/iou_class_4,0.37432146072387695
868,1727,train/iou_class_4,0.3909497559070587
869,1799,train/iou_class_4,0.405556857585907
870,1871,train/iou_class_4,0.39357396960258484
871,1943,train/iou_class_4,0.3931238055229187
872,2015,train/iou_class_4,0.39314061403274536
873,2087,train/iou_class_4,0.4007567763328552
874,2159,train/iou_class_4,0.4049054980278015
875,2231,train/iou_class_4,0.41629350185394287
876,2303,train/iou_class_4,0.40754440426826477
877,2375,train/iou_class_4,0.4184180498123169
878,2447,train/iou_class_4,0.42326393723487854
879,71,train/iou_class_5,0.4130846858024597
880,143,train/iou_class_5,0.45379647612571716
881,215,train/iou_class_5,0.48393702507019043
882,287,train/iou_class_5,0.48781725764274597
883,359,train/iou_class_5,0.4879624843597412
884,431,train/iou_class_5,0.5037310123443604
885,503,train/iou_class_5,0.5064061880111694
886,575,train/iou_class_5,0.5219033360481262
887,647,train/iou_class_5,0.5294129848480225
888,719,train/iou_class_5,0.5442284941673279
889,791,train/iou_class_5,0.5392696857452393
890,863,train/iou_class_5,0.5346859097480774
891,935,train/iou_class_5,0.5481961965560913
892,1007,train/iou_class_5,0.5510317087173462
893,1079,train/iou_class_5,0.5513034462928772
894,1151,train/iou_class_5,0.569791853427887
895,1223,train/iou_class_5,0.5516195893287659
896,1295,train/iou_class_5,0.550507664680481
897,1367,train/iou_class_5,0.5529826283454895
898,1439,train/iou_class_5,0.5767221450805664
899,1511,train/iou_class_5,0.5825680494308472
900,1583,train/iou_class_5,0.5868304371833801
901,1655,train/iou_class_5,0.5814093947410583
902,1727,train/iou_class_5,0.5716832876205444
903,1799,train/iou_class_5,0.5769523978233337
904,1871,train/iou_class_5,0.5700673460960388
905,1943,train/iou_class_5,0.574608564376831
906,2015,train/iou_class_5,0.5740028619766235
907,2087,train/iou_class_5,0.581157386302948
908,2159,train/iou_class_5,0.5789821743965149
909,2231,train/iou_class_5,0.5814381241798401
910,2303,train/iou_class_5,0.584112823009491
911,2375,train/iou_class_5,0.5829772353172302
912,2447,train/iou_class_5,0.5987628102302551
913,71,train/iou_class_6,0.010271160863339901
914,143,train/iou_class_6,0.03434782847762108
915,215,train/iou_class_6,0.1444261521100998
916,287,train/iou_class_6,0.13328097760677338
917,359,train/iou_class_6,0.1366191804409027
918,431,train/iou_class_6,0.1264398843050003
919,503,train/iou_class_6,0.11669012904167175
920,575,train/iou_class_6,0.1429264396429062
921,647,train/iou_class_6,0.1275867521762848
922,719,train/iou_class_6,0.1757238209247589
923,791,train/iou_class_6,0.16269758343696594
924,863,train/iou_class_6,0.2180667221546173
925,935,train/iou_class_6,0.2361951619386673
926,1007,train/iou_class_6,0.20541174709796906
927,1079,train/iou_class_6,0.2189880609512329
928,1151,train/iou_class_6,0.22977714240550995
929,1223,train/iou_class_6,0.17008955776691437
930,1295,train/iou_class_6,0.20519237220287323
931,1367,train/iou_class_6,0.1952335238456726
932,1439,train/iou_class_6,0.2825986444950104
933,1511,train/iou_class_6,0.23712383210659027
934,1583,train/iou_class_6,0.22540372610092163
935,1655,train/iou_class_6,0.28049227595329285
936,1727,train/iou_class_6,0.23961371183395386
937,1799,train/iou_class_6,0.2608276605606079
938,1871,train/iou_class_6,0.25749555230140686
939,1943,train/iou_class_6,0.23773489892482758
940,2015,train/iou_class_6,0.304196298122406
941,2087,train/iou_class_6,0.26957422494888306
942,2159,train/iou_class_6,0.26475322246551514
943,2231,train/iou_class_6,0.2653801441192627
944,2303,train/iou_class_6,0.32374635338783264
945,2375,train/iou_class_6,0.3521992862224579
946,2447,train/iou_class_6,0.31891554594039917
947,71,train/iou_class_7,0.1448269933462143
948,143,train/iou_class_7,0.22523117065429688
949,215,train/iou_class_7,0.2642596364021301
950,287,train/iou_class_7,0.2580409646034241
951,359,train/iou_class_7,0.3191303312778473
952,431,train/iou_class_7,0.33340126276016235
953,503,train/iou_class_7,0.31689971685409546
954,575,train/iou_class_7,0.3247653543949127
955,647,train/iou_class_7,0.3641609847545624
956,719,train/iou_class_7,0.3897031545639038
957,791,train/iou_class_7,0.38975340127944946
958,863,train/iou_class_7,0.3975572884082794
959,935,train/iou_class_7,0.41394442319869995
960,1007,train/iou_class_7,0.42212289571762085
961,1079,train/iou_class_7,0.4258264899253845
962,1151,train/iou_class_7,0.442516952753067
963,1223,train/iou_class_7,0.4230470657348633
964,1295,train/iou_class_7,0.42331457138061523
965,1367,train/iou_class_7,0.4154074788093567
966,1439,train/iou_class_7,0.44556644558906555
967,1511,train/iou_class_7,0.4710043966770172
968,1583,train/iou_class_7,0.49682101607322693
969,1655,train/iou_class_7,0.495077908039093
970,1727,train/iou_class_7,0.5009984374046326
971,1799,train/iou_class_7,0.495173841714859
972,1871,train/iou_class_7,0.4997591972351074
973,1943,train/iou_class_7,0.5008840560913086
974,2015,train/iou_class_7,0.5215233564376831
975,2087,train/iou_class_7,0.5344480872154236
976,2159,train/iou_class_7,0.4923105835914612
977,2231,train/iou_class_7,0.4838927090167999
978,2303,train/iou_class_7,0.5134297609329224
979,2375,train/iou_class_7,0.5156182050704956
980,2447,train/iou_class_7,0.5327194333076477
981,71,train/iou_class_8,0.3945472836494446
982,143,train/iou_class_8,0.460542768239975
983,215,train/iou_class_8,0.4910472631454468
984,287,train/iou_class_8,0.5251405239105225
985,359,train/iou_class_8,0.525265634059906
986,431,train/iou_class_8,0.5443643927574158
987,503,train/iou_class_8,0.5677709579467773
988,575,train/iou_class_8,0.5505246520042419
989,647,train/iou_class_8,0.5707092881202698
990,719,train/iou_class_8,0.5725932717323303
991,791,train/iou_class_8,0.592939019203186
992,863,train/iou_class_8,0.602039098739624
993,935,train/iou_class_8,0.6033315658569336
994,1007,train/iou_class_8,0.608625054359436
995,1079,train/iou_class_8,0.6075316667556763
996,1151,train/iou_class_8,0.6133931279182434
997,1223,train/iou_class_8,0.6135609745979309
998,1295,train/iou_class_8,0.6060373187065125
999,1367,train/iou_class_8,0.6107342839241028
1000,1439,train/iou_class_8,0.6147030591964722
1001,1511,train/iou_class_8,0.6277002692222595
1002,1583,train/iou_class_8,0.6197506785392761
1003,1655,train/iou_class_8,0.6251621246337891
1004,1727,train/iou_class_8,0.637112557888031
1005,1799,train/iou_class_8,0.6436154246330261
1006,1871,train/iou_class_8,0.635584831237793
1007,1943,train/iou_class_8,0.6457852125167847
1008,2015,train/iou_class_8,0.6455270648002625
1009,2087,train/iou_class_8,0.6469522714614868
1010,2159,train/iou_class_8,0.6360947489738464
1011,2231,train/iou_class_8,0.6466695070266724
1012,2303,train/iou_class_8,0.643062174320221
1013,2375,train/iou_class_8,0.6476359367370605
1014,2447,train/iou_class_8,0.6555249691009521
1015,71,train_mIoU,0.15270908176898956
1016,143,train_mIoU,0.19593213498592377
1017,215,train_mIoU,0.22808927297592163
1018,287,train_mIoU,0.23856841027736664
1019,359,train_mIoU,0.2518438398838043
1020,431,train_mIoU,0.2595489025115967
1021,503,train_mIoU,0.2644193172454834
1022,575,train_mIoU,0.2774047255516052
1023,647,train_mIoU,0.2887503206729889
1024,719,train_mIoU,0.312372088432312
1025,791,train_mIoU,0.31339552998542786
1026,863,train_mIoU,0.31938087940216064
1027,935,train_mIoU,0.3283323645591736
1028,1007,train_mIoU,0.3227209448814392
1029,1079,train_mIoU,0.33468642830848694
1030,1151,train_mIoU,0.3441879153251648
1031,1223,train_mIoU,0.3316846489906311
1032,1295,train_mIoU,0.33581051230430603
1033,1367,train_mIoU,0.3238328695297241
1034,1439,train_mIoU,0.35189956426620483
1035,1511,train_mIoU,0.36396461725234985
1036,1583,train_mIoU,0.35633689165115356
1037,1655,train_mIoU,0.3633772134780884
1038,1727,train_mIoU,0.3579666018486023
1039,1799,train_mIoU,0.37638479471206665
1040,1871,train_mIoU,0.3719615936279297
1041,1943,train_mIoU,0.3676672875881195
1042,2015,train_mIoU,0.3825860917568207
1043,2087,train_mIoU,0.38004887104034424
1044,2159,train_mIoU,0.3819521367549896
1045,2231,train_mIoU,0.38265830278396606
1046,2303,train_mIoU,0.38905981183052063
1047,2375,train_mIoU,0.39709827303886414
1048,2447,train_mIoU,0.4106578230857849
1049,71,train_pixel_accuracy,0.41243448853492737
1050,143,train_pixel_accuracy,0.47498634457588196
1051,215,train_pixel_accuracy,0.4992803931236267
1052,287,train_pixel_accuracy,0.5126335024833679
1053,359,train_pixel_accuracy,0.5271462798118591
1054,431,train_pixel_accuracy,0.5399433374404907
1055,503,train_pixel_accuracy,0.5428302884101868
1056,575,train_pixel_accuracy,0.5497760772705078
1057,647,train_pixel_accuracy,0.5572012662887573
1058,719,train_pixel_accuracy,0.5707919001579285
1059,791,train_pixel_accuracy,0.5792069435119629
1060,863,train_pixel_accuracy,0.5825910568237305
1061,935,train_pixel_accuracy,0.5873405933380127
1062,1007,train_pixel_accuracy,0.5954957604408264
1063,1079,train_pixel_accuracy,0.5931240916252136
1064,1151,train_pixel_accuracy,0.6101610064506531
1065,1223,train_pixel_accuracy,0.6012580990791321
1066,1295,train_pixel_accuracy,0.6005071997642517
1067,1367,train_pixel_accuracy,0.5989779233932495
1068,1439,train_pixel_accuracy,0.6152858734130859
1069,1511,train_pixel_accuracy,0.6234357953071594
1070,1583,train_pixel_accuracy,0.6281496286392212
1071,1655,train_pixel_accuracy,0.6312713027000427
1072,1727,train_pixel_accuracy,0.6299175024032593
1073,1799,train_pixel_accuracy,0.6345954537391663
1074,1871,train_pixel_accuracy,0.6336778402328491
1075,1943,train_pixel_accuracy,0.6358228325843811
1076,2015,train_pixel_accuracy,0.6463425159454346
1077,2087,train_pixel_accuracy,0.64605712890625
1078,2159,train_pixel_accuracy,0.637553334236145
1079,2231,train_pixel_accuracy,0.6423677802085876
1080,2303,train_pixel_accuracy,0.6475286483764648
1081,2375,train_pixel_accuracy,0.6519500613212585
1082,2447,train_pixel_accuracy,0.6564881801605225
1083,71,train_macro_precision,0.23785513639450073
1084,143,train_macro_precision,0.3210484981536865
1085,215,train_macro_precision,0.36240074038505554
1086,287,train_macro_precision,0.3757046163082123
1087,359,train_macro_precision,0.3822392225265503
1088,431,train_macro_precision,0.39803069829940796
1089,503,train_macro_precision,0.40343397855758667
1090,575,train_macro_precision,0.4250105917453766
1091,647,train_macro_precision,0.4313718378543854
1092,719,train_macro_precision,0.45924729108810425
1093,791,train_macro_precision,0.453300803899765
1094,863,train_macro_precision,0.4713020920753479
1095,935,train_macro_precision,0.4784547686576843
1096,1007,train_macro_precision,0.46957793831825256
1097,1079,train_macro_precision,0.4772413969039917
1098,1151,train_macro_precision,0.4865487813949585
1099,1223,train_macro_precision,0.4861752688884735
1100,1295,train_macro_precision,0.47934553027153015
1101,1367,train_macro_precision,0.4682402014732361
1102,1439,train_macro_precision,0.4953784942626953
1103,1511,train_macro_precision,0.5138745903968811
1104,1583,train_macro_precision,0.5024042129516602
1105,1655,train_macro_precision,0.5074465274810791
1106,1727,train_macro_precision,0.5117462873458862
1107,1799,train_macro_precision,0.5233507752418518
1108,1871,train_macro_precision,0.5181765556335449
1109,1943,train_macro_precision,0.5179845094680786
1110,2015,train_macro_precision,0.5258700251579285
1111,2087,train_macro_precision,0.5300475358963013
1112,2159,train_macro_precision,0.5420055389404297
1113,2231,train_macro_precision,0.5460057854652405
1114,2303,train_macro_precision,0.5499982237815857
1115,2375,train_macro_precision,0.548414409160614
1116,2447,train_macro_precision,0.5658392310142517
1117,71,train_macro_recall,0.26089179515838623
1118,143,train_macro_recall,0.30652526021003723
1119,215,train_macro_recall,0.3440060317516327
1120,287,train_macro_recall,0.3534843921661377
1121,359,train_macro_recall,0.3711661398410797
1122,431,train_macro_recall,0.38184866309165955
1123,503,train_macro_recall,0.3830629289150238
1124,575,train_macro_recall,0.39683064818382263
1125,647,train_macro_recall,0.4125032424926758
1126,719,train_macro_recall,0.433763325214386
1127,791,train_macro_recall,0.43645426630973816
1128,863,train_macro_recall,0.4459756910800934
1129,935,train_macro_recall,0.45507633686065674
1130,1007,train_macro_recall,0.44680777192115784
1131,1079,train_macro_recall,0.46517905592918396
1132,1151,train_macro_recall,0.46630191802978516
1133,1223,train_macro_recall,0.4547441005706787
1134,1295,train_macro_recall,0.4622202217578888
1135,1367,train_macro_recall,0.44773396849632263
1136,1439,train_macro_recall,0.478412002325058
1137,1511,train_macro_recall,0.49041709303855896
1138,1583,train_macro_recall,0.48041462898254395
1139,1655,train_macro_recall,0.49024805426597595
1140,1727,train_macro_recall,0.4821925163269043
1141,1799,train_macro_recall,0.5030204057693481
1142,1871,train_macro_recall,0.49522140622138977
1143,1943,train_macro_recall,0.4940286874771118
1144,2015,train_macro_recall,0.5076913833618164
1145,2087,train_macro_recall,0.5013219714164734
1146,2159,train_macro_recall,0.5093254446983337
1147,2231,train_macro_recall,0.5098157525062561
1148,2303,train_macro_recall,0.5158611536026001
1149,2375,train_macro_recall,0.5222443342208862
1150,2447,train_macro_recall,0.5364294052124023
1151,71,train_macro_f1,0.22922925651073456
1152,143,train_macro_f1,0.28738725185394287
1153,215,train_macro_f1,0.33147022128105164
1154,287,train_macro_f1,0.34491676092147827
1155,359,train_macro_f1,0.36181172728538513
1156,431,train_macro_f1,0.36962905526161194
1157,503,train_macro_f1,0.3732200562953949
1158,575,train_macro_f1,0.390352338552475
1159,647,train_macro_f1,0.40265849232673645
1160,719,train_macro_f1,0.4282808303833008
1161,791,train_macro_f1,0.4298066794872284
1162,863,train_macro_f1,0.43769723176956177
1163,935,train_macro_f1,0.44682350754737854
1164,1007,train_macro_f1,0.4407353699207306
1165,1079,train_macro_f1,0.45340025424957275
1166,1151,train_macro_f1,0.4612402617931366
1167,1223,train_macro_f1,0.4485294222831726
1168,1295,train_macro_f1,0.45324787497520447
1169,1367,train_macro_f1,0.4406566917896271
1170,1439,train_macro_f1,0.47166192531585693
1171,1511,train_macro_f1,0.48314183950424194
1172,1583,train_macro_f1,0.472293496131897
1173,1655,train_macro_f1,0.4819985330104828
1174,1727,train_macro_f1,0.47594180703163147
1175,1799,train_macro_f1,0.49478161334991455
1176,1871,train_macro_f1,0.49076199531555176
1177,1943,train_macro_f1,0.4867873191833496
1178,2015,train_macro_f1,0.5019131302833557
1179,2087,train_macro_f1,0.4980167746543884
1180,2159,train_macro_f1,0.5031038522720337
1181,2231,train_macro_f1,0.50447678565979
1182,2303,train_macro_f1,0.5113449692726135
1183,2375,train_macro_f1,0.5186663269996643
1184,2447,train_macro_f1,0.5306018590927124
